{
    "excluive_pipelined_binary_tree_scan": [
        0.07738158279999992,
        0.1251785308999999,
        0.18127687470000006,
        0.22092052150000008,
        0.23961807979999997,
        0.2724671294000003,
        0.2977612078999998,
        0.32786147499999974,
        0.35953641150000004,
        0.3831511137999998,
        0.4051636734999999,
        0.44015880449999933,
        0.46166403060000044,
        0.4824316047999998,
        0.5139037674000001,
        0.5581589071999999
    ],
    "exclusive_LLN": [
        0,
        0,
        0,
        0,
        0.23397589529999988,
        0.2575467339999998,
        0.29460843929999997,
        0.3111126728999995,
        0.3500845339000003,
        0.37340054259999994,
        0.4358775023,
        0.44038617069999975,
        0.49462468169999985,
        0.5293169007999999,
        0.5379868710000004,
        0.5687876040999995
    ],
    "MPI_exscan": [
        0.07444699100000012,
        0.13047486600000005,
        0.1792635938,
        0.22289042349999982,
        0.2493266767999998,
        0.2792667092999995,
        0.32559424400000037,
        0.3617036253000002,
        0.39996728649999974,
        0.42768860909999906,
        0.4993521913000002,
        0.5123885924000003,
        0.5843285218999992,
        0.6220099133999988,
        0.6470023173999998,
        0.6902767477999994
    ],
    "exclusive_simultaneous_binomial_tree_scan": [
        0.07127603990000005,
        0.11685704200000009,
        0.17501551849999988,
        0.20500491220000008,
        0.23834971229999963,
        0.26466495550000035,
        0.3046930327000002,
        0.32729854680000015,
        0.3700662457,
        0.3994102867999999,
        0.4674091860999997,
        0.47189041220000016,
        0.5170454774000006,
        0.5525300815000002,
        0.5833059821999995,
        0.6165478979000006
    ],
    "binomial_tree_exclusive_scan": [
        0.07306671349999991,
        0.11743341229999996,
        0.17045885889999984,
        0.20553783149999988,
        0.23130080780000029,
        0.25655485780000015,
        0.2854890009000005,
        0.30642152069999967,
        0.36060716840000034,
        0.36052378000000046,
        0.4152719315000006,
        0.41691846989999987,
        0.4522452516999998,
        0.4685884882000003,
        0.5010462904000008,
        0.533831385300001
    ],
    "Hypercube_Scan_exclusive": [
        0.0711110896000001,
        0.12102864820000007,
        0.17191861400000014,
        0.21537988380000073,
        0.2440168645000007,
        0.27655104050000007,
        0.3193947716000004,
        0.3472993048999996,
        0.3992555322000008,
        0.4274566521999986,
        0.48851959260000016,
        0.49941053880000014,
        0.5416531429999999,
        0.5704179766999985,
        0.615521690500001,
        0.6643155838000006
    ],
    "ex_linear_scan": [
        0.06961414339999958,
        0.11568500159999999,
        0.1706258392999999,
        0.21595141629999937,
        0.24562504269999968,
        0.26416226380000013,
        0.30286599170000095,
        0.3306464749999993,
        0.37579613570000064,
        0.40436285779999964,
        0.4598143578999988,
        0.47796775839999983,
        0.5352744791000006,
        0.557513987499999,
        0.6673339527000003,
        0.6558756795
    ]
}